{"cameraMode":{"drawMode":0,"name":"Shaded","section":"Shading Mode"},"sceneLighting":true,"audioPlay":false,"sceneViewState":{"m_AlwaysRefresh":false,"showFog":true,"showSkybox":true,"showFlares":true,"showImageEffects":true,"showParticleSystems":true,"showVisualEffectGraphs":true,"m_FxEnabled":true},"in2DMode":false,"pivot":{"x":-0.23670734465122224,"y":0.39868074655532839,"z":0.010006129741668702},"rotation":{"x":0.11517902463674545,"y":-0.8839314579963684,"z":0.2986363470554352,"w":0.34092140197753909},"size":10.904263496398926,"orthographic":false}