{"cameraMode":{"drawMode":0,"name":"Shaded","section":"Shading Mode"},"sceneLighting":true,"audioPlay":false,"sceneViewState":{"m_AlwaysRefresh":false,"showFog":true,"showSkybox":true,"showFlares":true,"showImageEffects":true,"showParticleSystems":true,"showVisualEffectGraphs":true,"m_FxEnabled":true},"in2DMode":false,"pivot":{"x":0.11365500092506409,"y":-1.4527297019958497,"z":2.3874154090881349},"rotation":{"x":-0.0019431032706052065,"y":0.962860107421875,"z":-0.26991358399391177,"w":-0.006931825540959835},"size":4.086998462677002,"orthographic":false}